Metric,Value
Accuracy,0.7411764860153198
Precision,0.7715032679738562
Recall,0.7411764705882353
F1-Score,0.7342081883258355
