Metric,Value
Accuracy,0.6666666865348816
Precision,0.7523148148148148
Recall,0.6666666666666666
F1-Score,0.673148148148148
