Metric,Value
Accuracy,0.8152173757553101
Precision,0.9202898550724636
Recall,0.8152173913043478
F1-Score,0.8340062111801242
